job_id,title,company,location,date_posted,link
ace6dabef8894c7b,Reference Data Analyst,Eclerx,"Zürich, ZH",,https://ch.indeed.com/rc/clk?jk=ace6dabef8894c7b&bb=gw4jgG1NdsExELt9krblJrAZEG1Le-1pDVEBBnCIW3vVxIsuMMIzCUUx2V7VLBrcn5xlnk1HywXfzioZZg4b_aan_mT_XlC8NiXqKdiVI4BxqIeIVRXI6qs666NPAJ2ZvwucA8aWe1PKIG9PAdSKUQ%3D%3D&xkcb=SoC667M3t_-stNT4Nh0LbzkdCdPP&fccid=e6a2604cd4491b02&vjs=3
c1ccef535fa878f6,Innosight Consulting Analyst - Switzerland,Huron Consulting Group Inc.,"Zürich, ZH",,https://ch.indeed.com/rc/clk?jk=c1ccef535fa878f6&bb=gw4jgG1NdsExELt9krblJux4138hmVCy0N-9BZ6NLmQfLIwaCDnffz6SQKJ4EqJOUZHLNpQbS6TbzlU6cVaJZPH-OCz71uUVcDuypTbQlamuGRfLJMrgCxApAknhf4uCY4Up7STAyus%3D&xkcb=SoAO67M3t_-stNT4Nh0KbzkdCdPP&fccid=aa50c21fb3d97098&vjs=3
9f657f8aca704ced,Investment Data Reporting Analyst (Fixed Term Contract 12 Months),LGT Capital Partners,"Pfäffikon, ZH",,https://ch.indeed.com/rc/clk?jk=9f657f8aca704ced&bb=gw4jgG1NdsExELt9krblJs_FB26s7OI4b2_0_eC_ye4pjOPNq_0_knhCDTQoIW-caspyDOjQ8hpjekjEwh7m6JgxpiNazeqtjV8CTT-0isSOIzJQpPpWG7T8VoQo4mhMapsMX8ZT0NvVdVzx4ytiBg%3D%3D&xkcb=SoCT67M3t_-stNT4Nh0JbzkdCdPP&fccid=26f14c4c1415d407&vjs=3
10d2123eebee710b,Junior Financial Planning Analyst 80% - 100% (w/m/d),Dormakaba Group,"Rümlang, ZH",,https://ch.indeed.com/rc/clk?jk=10d2123eebee710b&bb=gw4jgG1NdsExELt9krblJh6QXVhXxOzy0mFCW14R2jt49Uj3G_ZEU3SN-mijHviGwyxNM5xh6rEVfFS9-gEs-7jU5cp4oopptT0hAGaEiVxr-r-zyUm1G5oMKQbJhbba7V2L4iVUhc-AIOVRAtiVWQ%3D%3D&xkcb=SoAn67M3t_-stNT4Nh0IbzkdCdPP&fccid=9d04625003f47b3f&vjs=3
9e554eb40fad3074,"Junior Financial Data Analyst Graduate, Zurich (Zurich, CH)",Swiss Re,"Zürich, ZH",,https://ch.indeed.com/rc/clk?jk=9e554eb40fad3074&bb=gw4jgG1NdsExELt9krblJqsKV_3DqnPwtGfg5moI4mVmOFTfuVkc-8fCF_yMHEQxlc0vVbCPiDVBLJPkKttFxtzDTfC-sitBI2eKzqnUIXSGUAWttS7ntEgh28uW0EUskAfdtc5j2F8%3D&xkcb=SoCp67M3t_-stNT4Nh0PbzkdCdPP&fccid=ce527f971de2a93a&vjs=3
d69cec8639002c0e,Business & Data Analyst (A) Migration Project,Bosshard & Partner Unternehmensberatung AG,"Remote in Zürich, ZH",,https://ch.indeed.com/rc/clk?jk=d69cec8639002c0e&bb=gw4jgG1NdsExELt9krblJtv5YboiyLXDfosALH_QafiLskF0Mexo1tBZnicAWf4pKbKk6JXLFmnSrRqRIhGWdWP3Mmz85bH9LryyRCcWTsMjGv6C-6-vml3fSbMkg8jHW6YYHXcCrh6LICRIQk5fiA%3D%3D&xkcb=SoAd67M3t_-stNT4Nh0ObzkdCdPP&fccid=a081694225ec6b2a&vjs=3
26a877169ecbb5a3,(Senior) Data Analyst Online Shop (w/m/d),Digitec Galaxus AG,"Zürich, ZH",,https://ch.indeed.com/rc/clk?jk=26a877169ecbb5a3&bb=gw4jgG1NdsExELt9krblJp4y76yZKnwzI19wau_t3XmiGdTqZsUhd5QdE_fHf7zpczS-zlxAVe3pMXTXnN6vY9rCant03dGf3K_TWSq77RqS8K0y316E8vFgJ_4S-tRupxGHa2ZSC6UPc7ApnBECZQ%3D%3D&xkcb=SoCA67M3t_-stNT4Nh0NbzkdCdPP&fccid=eb4f8f848ee66581&vjs=3
ea864b60e2a07000,Karrierechancen: Supply Chain Data Analyst (80-100%),BIOTRONIK,"Bülach, ZH",,https://ch.indeed.com/rc/clk?jk=ea864b60e2a07000&bb=gw4jgG1NdsExELt9krblJvMDCa_9V3lcpX55jhJ0mZPkD2Ic8lXkVjaorrxe-XghKgxNA80ZmqhImiwDnaVkQVyWofigCHT2Tjcn6vRQz80DzWOA1JMCHUQ8LRCTFPtdi-6Q9tKfUEJJ8tYzqjHu-Q%3D%3D&xkcb=SoA067M3t_-stNT4Nh0MbzkdCdPP&fccid=b8074b8025c787a5&vjs=3
561bedede87ff613,(Senior) Data Analyst Online Shop (w/m/d),Galaxus,"Remote in 8005 Zürich, ZH",,https://ch.indeed.com/rc/clk?jk=561bedede87ff613&bb=gw4jgG1NdsExELt9krblJmMHFhZmdiWxFTuvlyFiv8r-m5Bg3Bb_0xdk3mdj-Sueu9GWXij3U6VGQaeLTvcY6-8qebNQUc0IKsJkV4uKncGVzNLJBSRch-ySXNyX35b-2xUvMTzcBCU%3D&xkcb=SoDd67M3t_-stNT4Nh0DbzkdCdPP&fccid=3f2c96fe5bb4b83a&vjs=3
c92d1de94ab3b3d8,Data Analyst / Data Scientist für die Lehre (m/w/d),ETH Zürich,"8092 Zürich, ZH",,https://ch.indeed.com/rc/clk?jk=c92d1de94ab3b3d8&bb=gw4jgG1NdsExELt9krblJjOHpPVt8XN94dKuaKe-robc-0BzyyMUlXZlWg3d7aERX-das3tLwtS2jWAO3HvLZP4udHmHDPOBehIp3CycgMc0XLqKpvI2x00U0S8zpX_l_smzTXsQlJE%3D&xkcb=SoBp67M3t_-stNT4Nh0CbzkdCdPP&fccid=130d2afc779b7b94&vjs=3
466178b7426e1977,Business Analyst - Market Intelligence,KPMG AG,"8004 Zürich, ZH",,https://ch.indeed.com/rc/clk?jk=466178b7426e1977&bb=gw4jgG1NdsExELt9krblJqR4wdmsgzM9ic4hceYmRE0Fn3gnSrynRTNXvnn6uf-fCuGXhP7It-tDmyFCQ5qfUKwdWTSBDVEkzUiS-nZ8OAqFg7cW14Y7YPZs7f4QevJWc_28cht_KRg%3D&xkcb=SoD067M3t_-stNT4Nh0BbzkdCdPP&fccid=2dd390c3a48a7ed0&vjs=3
d074a66c04964a58,2026 | EMEA | Zurich | Wealth Management | Summer Analyst,Goldman Sachs,"Zürich, ZH",,https://ch.indeed.com/rc/clk?jk=d074a66c04964a58&bb=gw4jgG1NdsExELt9krblJlSAIT4LLUsJE_I_VHT0y13fIz_HyYeVBf6Lhf4jMmZFApFLKsT-q5aF8jcDmDUPb8Z5x0LSkTfKkq_nQQnkAStjQOaWL4obyWqbng8BUCRvwB2HcCQpkgU%3D&xkcb=SoBA67M3t_-stNT4Nh0AbzkdCdPP&fccid=16a97ed26c75bf2d&vjs=3
9981323239491e23,Consultant Data Analysis - Zurich,EY,"8005 Zürich, ZH",,https://ch.indeed.com/rc/clk?jk=9981323239491e23&bb=gw4jgG1NdsExELt9krblJiTUtF8TZc8-xSrhPr1xPMF4GBAW_0-bCBCPCGXIojtvcaGoQKH4AGSX1kmBXHrrCnLQ6FvBYJUXzOgFD2jnR55HPOds-__n59apSG0aoRTahrlcKC5Zeo0%3D&xkcb=SoDO67M3t_-stNT4Nh0HbzkdCdPP&fccid=1544766d4c2915b0&vjs=3
ed9b33d59ee0f323,Solution Architect Data,SR Technics,"Zürich, ZH",,https://ch.indeed.com/rc/clk?jk=ed9b33d59ee0f323&bb=gw4jgG1NdsExELt9krblJtOQoqnVsifNxdyt3ps-lb3NQ4Vnn4LuoN7wldNZ-8_PdHDiVUNmx4m2d53-sbf2CJbFLTMjEZrDRVUOTBYw0xvzrxT5-WbeJVrRZb1HOuLinmEvitrzdhM%3D&xkcb=SoB667M3t_-stNT4Nh0GbzkdCdPP&fccid=fdefbe033b6dba88&vjs=3
b22b2238994be334,Client Onboarding Intermediate Analyst,Citigroup,"Zürich, ZH",,https://ch.indeed.com/rc/clk?jk=b22b2238994be334&bb=gw4jgG1NdsExELt9krblJux4138hmVCysEI270_Ns9LPov5Ccm5lVFsuZ46yInVk7fbYGnFZbw9ce9IBZEO_A73Ru6T1ZwJ-HWK-r83yVYB4jgiaiA8PO8EnH-XNOaBCSr6HQwsWz2g%3D&xkcb=SoDn67M3t_-stNT4Nh0FbzkdCdPP&fccid=5bcd1ef0a7f4fb99&vjs=3
2cfc3f3a0eb32a66,Chargé de projet data analyst (f/h),Auctae Switzerland Sàrl,"Biel/Bienne, BE",,https://ch.indeed.com/rc/clk?jk=2cfc3f3a0eb32a66&bb=aA6NNEM31wuF-aC3UcAKW5JesmWPcHIVOTop6Yr0XVKPA0CGFbqeqD0s9Xwy384x4kIYi5l6rBzBQeK9J0pP40qbvbtMWG6WSKEteKUKSmM1U44lWvWLYQ-AEYnNsKKcB9e_xZdHGPwRZKTOq3FJ3w%3D%3D&xkcb=SoCZ67M3t_-rfez4Fh0LbzkdCdPP&fccid=24e597c669a74f2c&vjs=3
05e4a28a6d74d58d,Junior Data Scientist,Interdiscount,"3303 Jegenstorf, BE",,https://ch.indeed.com/rc/clk?jk=05e4a28a6d74d58d&bb=aA6NNEM31wuF-aC3UcAKWx4FSwIJFQ0VLzxKu7vtAEcVoQOiKswrU1ZJsGIG76jxwAQfV7M1F0crUO36NxV3u2E0XXuwpEnQ3LYxS-2k7O12Nvu_ktl97lBAVzOpZHDna4mll-gGLWLb3Nt3AgY5tw%3D%3D&xkcb=SoAt67M3t_-rfez4Fh0KbzkdCdPP&fccid=48d9809dfa00d436&vjs=3
4b7b4ca7cdf38311,Observability Analyst im Bereich «Operations Control Center» (m/w/d),LC Systems,"Bern, BE",,https://ch.indeed.com/rc/clk?jk=4b7b4ca7cdf38311&bb=aA6NNEM31wuF-aC3UcAKWy5-y9yBFBdSp-51fH90ax447cIt0ypFs8-XdfI48LzsP7ttMwTXkIZlZlCYV4rQT8-hvtStUcj09_paDVRHUddN4u3vaQPnAYdElI9LFubhCJ6vBC1euw4%3D&xkcb=SoCw67M3t_-rfez4Fh0JbzkdCdPP&fccid=f98570f3d69ed701&vjs=3
98d97ebd1d074fed,Senior Business Analyst,ELCA Informatique SA,"Hybrid work in Bern, BE",,https://ch.indeed.com/rc/clk?jk=98d97ebd1d074fed&bb=aA6NNEM31wuF-aC3UcAKWxmFEOVuLMaaAY-KbwEGgKYkGqTSR4wlqKbehL3OQPbBtl8uX-Rzq0VQLb8nQ9rQR-vjVG0UjaVGl52SH9O9AgZREuMoylUwwerbrbvTRZlPA1PTWzdZeLx3voUA4iBaNg%3D%3D&xkcb=SoAE67M3t_-rfez4Fh0IbzkdCdPP&fccid=4166c1cedc279c9f&vjs=3
ef1b3b9367770111,Business Analyst Bahnbereich,AKROS,"Bern, BE",,https://ch.indeed.com/rc/clk?jk=ef1b3b9367770111&bb=aA6NNEM31wuF-aC3UcAKW-giOkz2-7Es6iOnbSOcoYkeLv_zGXZKY0g-mHquPcAw-NDACnvxqsXdYDzjZdbPTXWiMACgEXobzwneiBRj-VNp1pJLQcLjBhIw5W1nytBU1QrXkfiX7Wo%3D&xkcb=SoCK67M3t_-rfez4Fh0PbzkdCdPP&fccid=84d367e3505c0b4f&vjs=3
8d6861907521d19a,Market Intelligence Manager,Ypsomed,"Burgdorf, BE",,https://ch.indeed.com/rc/clk?jk=8d6861907521d19a&bb=aA6NNEM31wuF-aC3UcAKW1MQTNLNTKA0f9mNkTkDPlaMKfxJP1XduDzPaJrG5fU3HNh-6Eo2qQwCNaqLubpDcQc3B---9CU7O76CdXCpAe3EpNEPQmgRj0Q3lkAIt0Cs9Bjm19yaTLFITYwjixBvAQ%3D%3D&xkcb=SoA-67M3t_-rfez4Fh0ObzkdCdPP&fccid=b32027b15766379a&vjs=3
ea23eda512845c4a,Cloud Data Platform Expert - Azure/Databricks,ELCA Informatique SA,"Remote in Bern, BE",,https://ch.indeed.com/rc/clk?jk=ea23eda512845c4a&bb=aA6NNEM31wuF-aC3UcAKW7_hrFzAPfRV-9aIjqralm2nWH29N2dYl_Pwr0GAFrKv0fzGVIFD-osrSI16lVeBTYAH-fphbbS7ipqUtm0Bk4vu_G3kTPebtGoKG-GZ3oozysZs0OUDy-4farRiB0RMCQ%3D%3D&xkcb=SoCj67M3t_-rfez4Fh0NbzkdCdPP&fccid=4166c1cedc279c9f&vjs=3
96c8abc1656ae1fd,Senior Test Engineer (a),AdNovum,"Bern, BE",,https://ch.indeed.com/rc/clk?jk=96c8abc1656ae1fd&bb=aA6NNEM31wuF-aC3UcAKW8-nYHOH_2diZLfXtariwDzbt3X7y-eZZExMTZAwtmNCQVqGJ09TJ0d6kMqez_nGWF9NwjwG5SsXR7MtdAydTNZE-wxBLjWRPNLvsbkqpyWRFKq-hqi3vdyzuNeSBvwVYA%3D%3D&xkcb=SoAX67M3t_-rfez4Fh0MbzkdCdPP&fccid=f41405d7054e617a&vjs=3
d8d0af83235f407b,SENIOR BUSINESS ANALYST - INSURANCE (GERMAN SPEAKING),Skillfinder International,"Hybrid work in Bern, BE",,https://ch.indeed.com/rc/clk?jk=d8d0af83235f407b&bb=aA6NNEM31wuF-aC3UcAKW2dRBUmnxoiT3m5wyXQGkTrXwDIrbz6yxtXCVf2Hi8_jV2TL0jmwyF_GPb4fAEIUrQgH_6iozeIifVVtXDaSHQJXLzYrhssBtJhlttAaXGX7YSbF9uGYUqQR6B2Wbi0PmA%3D%3D&xkcb=SoD-67M3t_-rfez4Fh0DbzkdCdPP&fccid=7e5bbed20fe1fe6b&vjs=3
00d96fc6d7c22118,Senior Data Analyst mit Schwerpunkt Data-Warehouse und Business Intelligence,Callista ACE AG,"Hybrid work in 3001 Bern, BE",,https://ch.indeed.com/rc/clk?jk=00d96fc6d7c22118&bb=aA6NNEM31wuF-aC3UcAKWwfvKWhEXjOGteM98MegEJdQphSY48V_HXVnIgc16IsuekAJexDnNdxJl10V6FwN9wV1F8BznlTHsjjztATWCGG1ztNqnHPoBmsK-91SBul7ZeozIO_d3B4C7OneOoXFMw%3D%3D&xkcb=SoBK67M3t_-rfez4Fh0CbzkdCdPP&fccid=565c0f34c6c1679a&vjs=3
62e2142862265c1c,Application Developer,Itech Consult,"Remote in Bern, BE",,https://ch.indeed.com/rc/clk?jk=62e2142862265c1c&bb=aA6NNEM31wuF-aC3UcAKW_xFRfUmTMnfAdIuLNWcgeep3lKig3DCwKaNsm__Sj8JDGnPTNQvVV--VjG9l54YyzeSLTDXDw7yKMXCgSCUZOfWym0n-itZmq677XegtaXpf2g_nGeSiqmZ86nJdkipNQ%3D%3D&xkcb=SoDX67M3t_-rfez4Fh0BbzkdCdPP&fccid=d3262d6a33468740&cmp=Itech-Consult&ti=Application+Developer&vjs=3
25af46b913fd52fc,Business Analyst – Dashboard Design / PL/SQL / XML,Itech Consult,"Bern, BE",,https://ch.indeed.com/rc/clk?jk=25af46b913fd52fc&bb=aA6NNEM31wuF-aC3UcAKW-4MtQ5LwYRDol2NilS_1nqUYjVPu06EgJ62kIqth5g6RiTeSVo7XC4tQ7Wcn3x9W2LwK7b2C7Bwhd3J62WRFYugRgBLH9vNgsFnaxdb1FIdsIBXKOn5hET8_NTW1VhJrQ%3D%3D&xkcb=SoBj67M3t_-rfez4Fh0AbzkdCdPP&fccid=d3262d6a33468740&cmp=Itech-Consult&ti=Business+Analyst&vjs=3
067e3e34e3e591de,Business-Analyst:in,Itech Consult AG,"Bern, BE",,https://ch.indeed.com/rc/clk?jk=067e3e34e3e591de&bb=aA6NNEM31wuF-aC3UcAKWxbkS5e9CBRQoj24LrtvMQrdLA7-d3tmO3D-kbTzNts44D0ZnnF7DoMXEj0cWDLpCPDwrswEwDTEUDNgAeMuyAHiklfnjFu6zksNn6AWKu3Wmz5zNYocyVcHIlgUEX5kIQ%3D%3D&xkcb=SoDt67M3t_-rfez4Fh0HbzkdCdPP&fccid=d3262d6a33468740&cmp=Itech-Consult&ti=Business-analyst%3Ain&vjs=3
2bdca02e85d48abf,Senior Business Analyst 100% (m/f/d) – Insurance / SAFe,Itech Consult AG,"Bern, BE",,https://ch.indeed.com/rc/clk?jk=2bdca02e85d48abf&bb=aA6NNEM31wuF-aC3UcAKWy1GCRBzA_NzED1kn8CHsBLcMuauyP4GNOxyibi3Ko1k1YmbjtdR8KpEqX7DQVlkulkTQpOzjCkVR4BDqmWGbfRf2HgYsQKzmxBzrj-l-XcYkx4nHEITZYEEHj9kTbdTzQ%3D%3D&xkcb=SoBZ67M3t_-rfez4Fh0GbzkdCdPP&fccid=d3262d6a33468740&cmp=Itech-Consult&ti=Senior+Business+Analyst&vjs=3
8c7073918e975a47,Junior Business Analyst – Basel,Optravis LLC,"4051 Basel, BS",,https://ch.indeed.com/rc/clk?jk=8c7073918e975a47&bb=IIT-424uWMjZgUBy4ZYxGZZpvg9bOAIj9VomaMu8SQOi8q62zywzLxnfnxpOuXEbMk71KZhmXpMstjhShHzJKLFLdYRlSBrupJ_17F58Frx2xALs5iI57oLAcSAOD3U_8gaZJtDt5SqwW0KL_X98qw%3D%3D&xkcb=SoC767M3t_-qd1T4Fh0LbzkdCdPP&fccid=a85dfbeec6778e4e&vjs=3
7813df59ff0935ee,Innovate with AI: Data Analyst Internship for Computer Science Students,Roche,"Kaiseraugst, AG",,https://ch.indeed.com/rc/clk?jk=7813df59ff0935ee&bb=IIT-424uWMjZgUBy4ZYxGc4sVP1negmeHZcCGmR9dsM9hc-_EAAUEN6jQI2uAXijChztxgt5gmxqwFNzyl3eV-dW4wwc0m2rO9WgW9iKrr8MxVAWFPdBGDWPupBZgHKUWTK-0tc_ABU%3D&xkcb=SoAP67M3t_-qd1T4Fh0KbzkdCdPP&fccid=bca1c8ed48c3b338&vjs=3
ba821aba835d4d78,Safety Science Data Analyst,Sobi,"Basel, BS",,https://ch.indeed.com/rc/clk?jk=ba821aba835d4d78&bb=IIT-424uWMjZgUBy4ZYxGY2Z2BFmJZmcaGFa-6XZC_9zT-sNlkeCTca86wytml6iulcDn2aNB98XpyBgGp-ksqp7jk7sI_UmgMa816R4pus0dLaM0Ggpho-R_f4wcABGPA8FJB_XU45CCnfTag6e1g%3D%3D&xkcb=SoCS67M3t_-qd1T4Fh0JbzkdCdPP&fccid=03d2f1e8e4f14cab&vjs=3
979bb94a23233edc,Data & Business Performance Analyst (m/w/d),Sympany,"Basel, BS",,https://ch.indeed.com/rc/clk?jk=979bb94a23233edc&bb=IIT-424uWMjZgUBy4ZYxGZisaxa1Tpti3Z7GC1_fJeJ8qzTdI78XlAGmtudXFOSDf7MmXhxXKEOnyKWIY_lUkNDWJxr5gW3veKt1FgZzakWcWNyLvrb9lCFgLMBSfD-H-Fwby6v9bq6VV99sWJMabw%3D%3D&xkcb=SoAm67M3t_-qd1T4Fh0IbzkdCdPP&fccid=833807a92b4a5237&vjs=3
cb88cf72c57f539f,Data Engineer (100%),MDPI Switzerland,"4052 Basel, BS",,https://ch.indeed.com/rc/clk?jk=cb88cf72c57f539f&bb=IIT-424uWMjZgUBy4ZYxGX7iwrYcEB8D7vz4ISbGcfZ4kGQPnC0sNu4lL6qWu7GsajJUYEWMGGGAfAAZzQfe9lH-VotnIj8yhLlJrMV7MMhz8iFG2GmHLDnqIh55XORQNhot893Xgsnnt92BvokXLg%3D%3D&xkcb=SoCo67M3t_-qd1T4Fh0PbzkdCdPP&fccid=cbb418f324e96f66&vjs=3
c685c11c1e4dd2b7,Senior Data Product Owner,Roche,"Basel, BS",,https://ch.indeed.com/rc/clk?jk=c685c11c1e4dd2b7&bb=IIT-424uWMjZgUBy4ZYxGd4C9ZQILz4pCd1Gd8hWOtDHKmQ_z9COrgZtX9PvMUgVclpUaum1DkMWtRQR13hSOtJ98K4YETdIme-eY5gEvyOrIIaIpinoa8il6HsqCalw3pe_zCTEEgA%3D&xkcb=SoAc67M3t_-qd1T4Fh0ObzkdCdPP&fccid=bca1c8ed48c3b338&vjs=3
a33a174f055bc89e,Global Capex Cost Analyst - F/M/X,Amaris Consulting,"Basel, BS",,https://ch.indeed.com/rc/clk?jk=a33a174f055bc89e&bb=IIT-424uWMjZgUBy4ZYxGSI-DtrwYyFbIvlMGgivXhJ0z_tWmVBTTdy1p84LZ0uqq3Zg4ksJSCdCvefExNXD4mZ_bnjz-Em4rWR_p3ifSyqNbjtpWi6Q26_op9yx0PbwSfhnEUrppKqfGB0t1aan9w%3D%3D&xkcb=SoCB67M3t_-qd1T4Fh0NbzkdCdPP&fccid=3e126e6958cff93e&vjs=3
5260c817a0319e50,Business Analyst - Veeva R&D,Idorsia Pharmaceuticals Ltd.,"Basel, BL",,https://ch.indeed.com/rc/clk?jk=5260c817a0319e50&bb=IIT-424uWMjZgUBy4ZYxGW5P78OwYY9RqxAv91tutZjOjVrL6N5CJ6jXSCnCIwLqQv0HpbQI59iwUMyTwKxcMwludsBdWBPY1EUnjSH1TC6wJqS7k8CWvZa35o0YeD1e0dffYQZyIYeqNojVTjXY7Q%3D%3D&xkcb=SoA167M3t_-qd1T4Fh0MbzkdCdPP&fccid=91458638c90670f9&vjs=3
ac6c4eae6ed94db1,Air Trade & Pricing Analyst,JAS Worldwide,"Basel, BS",,https://ch.indeed.com/rc/clk?jk=ac6c4eae6ed94db1&bb=IIT-424uWMjZgUBy4ZYxGRAfBxT35_ZhYrm2ADk12ww2fvN4Lk-y-vw4vrpb5_GheIg4-A-oOAjuX7ys0dLd3HPSALu2a5fumYROV7MeM5ICJH7hN-LRqJr_PArTXbBImktnOLoudn4%3D&xkcb=SoDc67M3t_-qd1T4Fh0DbzkdCdPP&fccid=531dc07306aebe40&vjs=3
c0c6a8122bd88b22,Investor Relations Associate (m/f/d),Lonza,"Basel, BS",,https://ch.indeed.com/rc/clk?jk=c0c6a8122bd88b22&bb=IIT-424uWMjZgUBy4ZYxGRAfBxT35_ZhPefJ3Z5Ef3csf6wcIOHvnyPe6M2rUiYsyZ-D2ObCg6KOj0nHb2tIgLEFDSJKfY85uzqVkeWxGzoaKsIFj1y9OGwsCb3pfAwM1gSt8Bt8HVE%3D&xkcb=SoBo67M3t_-qd1T4Fh0CbzkdCdPP&fccid=f03d9769ea7202c9&vjs=3
a630be2a79e1c25f,FP&A Analyst-Reporting and Compliance (100%),MDPI Switzerland,"4052 Basel, BS",,https://ch.indeed.com/rc/clk?jk=a630be2a79e1c25f&bb=IIT-424uWMjZgUBy4ZYxGWuCGLCgygAoxQwP9ZF7YbWMCASo-Z_-UuGhbjxTfGOq_S1Mo9BbapHnLQ7HbvRRTWPuGP2ZcrS_P88ZQXVJIuvFjLztlzpZ49XP2Q4OJIhJl9-1z06b6mf_QSMW1fvTCw%3D%3D&xkcb=SoD167M3t_-qd1T4Fh0BbzkdCdPP&fccid=cbb418f324e96f66&vjs=3
199c9d366637599c,Operational Analyst/in 80 - 100%,Vista Klinik,"4051 Basel, BS",,https://ch.indeed.com/rc/clk?jk=199c9d366637599c&bb=IIT-424uWMjZgUBy4ZYxGZisaxa1Tpti4SZeYmGBVzgE5VRUnGNojlAGtpRT8kweP1d7pWefuj1UMPbN45nZWISfNTK45yvQrZ-XmU-gjdDpayXWXNKUIr7XRwYqbyI2ru7Mo0qtCeAPDENs6pUXIA%3D%3D&xkcb=SoBB67M3t_-qd1T4Fh0AbzkdCdPP&fccid=52656c315552080c&vjs=3
5fd75994e8f26918,Salesforce Application Developer,Genedata,"Basel, BS",,https://ch.indeed.com/rc/clk?jk=5fd75994e8f26918&bb=IIT-424uWMjZgUBy4ZYxGdZtOa1yrYtsgjFhQMt9NekKMNZCEpbhIn9RmJG-CcQATUws7jywns0fn-dVXDyxplkFCwOe56K2kcnNbHdcC147OIanMrok24tjZ26k-amJegweuZdVl1w%3D&xkcb=SoDP67M3t_-qd1T4Fh0HbzkdCdPP&fccid=3e025c65dcbeb264&vjs=3
f5c8ba7ebd27a05f,Senior Cost Controller (m/f/d) - Life Science Construction,Linesight,"Remote in Basel, BS",,https://ch.indeed.com/rc/clk?jk=f5c8ba7ebd27a05f&bb=IIT-424uWMjZgUBy4ZYxGdZR_xEHLuqVTMToJgy5p8S_UkZWUjD6ifVYL19bQMkRhzYG7OuixdBzt6Mk98D0J4H4dp2auVwUufdCgtZJu8m4jIbugUKQa5b0_1snnaeG0JKm4A7xrR6yfGz7wHAO8A%3D%3D&xkcb=SoB767M3t_-qd1T4Fh0GbzkdCdPP&fccid=a56497dc14f7c3a0&vjs=3
c605de951c77fc74,Head of PT Business IT OT Architecture & Standardization,Roche,"Basel, BS",,https://ch.indeed.com/rc/clk?jk=c605de951c77fc74&bb=IIT-424uWMjZgUBy4ZYxGX9THybw4OzIqcToLWPpLh37KsPkCAMW7HZaTESgLwYKD-4r8xFtpTAIABSyNue_6_bQM8M1kYqjeFEZYIzI82gSoHzxYtcdZtsLjZi2hJ_9RP8ZH-sn94I%3D&xkcb=SoDm67M3t_-qd1T4Fh0FbzkdCdPP&fccid=bca1c8ed48c3b338&vjs=3
0b6a3948229c7d4a,Global HR & Compensation Data Analyst,ECOM Europe,"Pully, VD",,https://ch.indeed.com/rc/clk?jk=0b6a3948229c7d4a&bb=ez1BVGmanVrN1zDrDADL96_bmiMNQBA0H8hTZQHpJxIOvPniVhDdEzuX85W4C_qFWionJ30yX_YFUAAeszyGnUdxav5pFXQ-5Nedy8qsQ_zAfykCRFLrJlwe8QlUnxWP05Eg8tb0LqXe-ghT9v3mLA%3D%3D&xkcb=SoD267M3t_-o1TTCUx0LbzkdCdPP&fccid=81443d608bef73ee&vjs=3
71b99f91b78d9e87,Commercial Development Analyst Intern,Nestlé Professional,"Vevey, VD",,https://ch.indeed.com/rc/clk?jk=71b99f91b78d9e87&bb=ez1BVGmanVrN1zDrDADL96hUlkhfrwOwF_e-h1DTPVF2-EJ3DFAoC40PGjVPyoUMxNVIa7RAX57By8q6EzhEkwskMsOD_2UIhPYgJXWXT67h8dIGIMV6y7o51sQz2dOsGkKRbSV0GTo%3D&xkcb=SoBC67M3t_-o1TTCUx0KbzkdCdPP&fccid=bfdac90a7574b77c&vjs=3
05ab3859418876da,Analyst – Private Equity Funds & Co-investments,Debiopharm,"Lausanne, VD",,https://ch.indeed.com/rc/clk?jk=05ab3859418876da&bb=ez1BVGmanVrN1zDrDADL9xHdWxWsQkVyrgwaRCTTjdh11QKEgBShiVCLGraZNRP881sqDwsR8Gz0Q-w8f3xzvnJ06h8rRyouLG9UxsqA5bc8dc0ckCkl90E5R_H1zyDkpLOjfhmyaX8%3D&xkcb=SoDf67M3t_-o1TTCUx0JbzkdCdPP&fccid=934672a4c009e73d&vjs=3
8db8316d2223197e,Senior Business Analyst,adesso Schweiz,"Lausanne, VD",,https://ch.indeed.com/rc/clk?jk=8db8316d2223197e&bb=ez1BVGmanVrN1zDrDADL9xFzeLdIXAOHUeM2wC7nsumZtWh12fXZhkpqtsOWtU7VyxpoiLmh_PTkfCwpNqD8HV4Xt6xmQAtzlsE0b6Y_COqX9EGc8_z-Zbay338RHAaci08v4UGmtgGyTQkbvM1Vnw%3D%3D&xkcb=SoBr67M3t_-o1TTCUx0IbzkdCdPP&fccid=7cc1ac7380a31e5b&vjs=3
7ebb611ceacd38e9,Master Thesis / Internship : Leverage agentic workflows and LLMS for interactive process modeling,ELCA Informatique SA,"Pully, VD",,https://ch.indeed.com/rc/clk?jk=7ebb611ceacd38e9&bb=ez1BVGmanVrN1zDrDADL99IDRg2nsQZblp_3C04gxzbnIHjk-KL8GmtCcXqp-wGUUKvd7CCt5oZpDsPY68xXgvLAFWcMvtqtQfQjMte4DH5aTMMm0_lu2rcnWN5dgVtVWyhVBW6dYMB_0kx-QrdSNA%3D%3D&xkcb=SoDl67M3t_-o1TTCUx0PbzkdCdPP&fccid=4166c1cedc279c9f&vjs=3
76b828a038a0d872,"Spécialiste énergie, gestion énergétique et facturation (H/F/D)",Genossenschaft Migros Waadt,"Ecublens, VD",,https://ch.indeed.com/rc/clk?jk=76b828a038a0d872&bb=ez1BVGmanVrN1zDrDADL90IKm3daVur_P29SOQlW7dDLqhmVn9J32EiI7EQrrR1xzCyTpvJtwsgewWqYRXM2XrUpSVdSGfFbvbfbNCa16pYtz8ABBAlHeBKW1Gd2Y8whW9ZUYj-1AGY%3D&xkcb=SoBR67M3t_-o1TTCUx0ObzkdCdPP&fccid=3cd5cb7555ff5b56&vjs=3
cd254a403b033757,Senior Data Scientist & Product Owner,Swiss Medical Network,"1026 Echandens, VD",,https://ch.indeed.com/rc/clk?jk=cd254a403b033757&bb=ez1BVGmanVrN1zDrDADL9xpHrQWxrnVn48m_vQvbFEeAor6Bb9HPL--Ky9HvaAptxsnOBe1t_hN59EKplJBiM6ng1yBSo1pw0XSahjWDblR-QbMyi3JAtvaqSxZMxy3tPujHpPy8MeZBWcbiIweyfw%3D%3D&xkcb=SoDM67M3t_-o1TTCUx0NbzkdCdPP&fccid=e9d710a81dd381fe&vjs=3
3d9f189a2d198928,Data Analyst / Data Engineer (mission freelance),Sword Services,"1000 Lausanne, VD",,https://ch.indeed.com/rc/clk?jk=3d9f189a2d198928&bb=ez1BVGmanVrN1zDrDADL96tKRJfuTyOsHA-SHL7LEr40CAsidFystURpMMyJRArEeVMJo9baeCjBZdhd9gE0SbXdI5toCs6rXM2SscFmZWwVvkwZkQnwoayipWPWtycWcTo_B7q3voYpWz6Al9Ghlw%3D%3D&xkcb=SoB467M3t_-o1TTCUx0MbzkdCdPP&fccid=571a25d3fcf0581e&vjs=3
4a644e4bce6b8a8c,Test Analyst,Sword Services,"1005 Lausanne, VD",,https://ch.indeed.com/rc/clk?jk=4a644e4bce6b8a8c&bb=ez1BVGmanVrN1zDrDADL90LAuo1SbBtiiWsfzEQKEojM5ra-xCSV9HK-R-2CwpwYOY8SoAAraZisxUwkSA3jWVBCOIOagwhV7Q71duzHHO9BEcp8LX2nBJQHq6A80m94p6kwiR1QhTWX3WpVNSlYeg%3D%3D&xkcb=SoCR67M3t_-o1TTCUx0DbzkdCdPP&fccid=571a25d3fcf0581e&vjs=3
1b09cec118e159f0,Analyst - Private Equity Funds & Co-investments,Après-demain SA,"Lausanne, VD",,https://ch.indeed.com/rc/clk?jk=1b09cec118e159f0&bb=ez1BVGmanVrN1zDrDADL96rGh3uVSGfvTH0Cee9NUhWn2CAEgrK1MFeVPtd6Kn10WOOWY57Xyudw2RZQ2noOdcNgzuxziLUJUgFqyVSlfJN48fJnJhr1VOrbx8-LN-Daef7REbyH2x0_tp52iNt74A%3D%3D&xkcb=SoAl67M3t_-o1TTCUx0CbzkdCdPP&fccid=895d662635e307a2&vjs=3
a16f98b4ab6fc46e,Développeur/ développeuse Senior Dynamics 365 (h/f/x) 80-100% à Lausanne,Vaudoise Assurances,"Lausanne, VD",,https://ch.indeed.com/rc/clk?jk=a16f98b4ab6fc46e&bb=ez1BVGmanVrN1zDrDADL902MJ2taUsd5EYTJ-fQ-x8XVk4qhew15JuNKjuQRhrcSyiY7M6GEcpR_w6iLr9QXu7c0ecqwaCTwCq-SbPx02AXtF6Hf431WBWKRGTe4_HzRatv_P1Wb77RiQ6TLf6ePjg%3D%3D&xkcb=SoC467M3t_-o1TTCUx0BbzkdCdPP&fccid=43d86b134517a65d&vjs=3
fbb9feadb3f96226,Data Analyst,Lombard Odier & Cie,"Geneva, GE",,https://ch.indeed.com/rc/clk?jk=fbb9feadb3f96226&bb=AqqX0YKHsQuSd67RjJ7Y3rdW9PmWKQbBjEGVxj-7_XPYniUa1Qr4UnSOyLF8lktdv_nGxebGExV4Ji_wIoLRddEwluhASYDIuMJessoghr7v6gwtTBVYqe_Hicy4bGXCXs_8mLzMW9k%3D&xkcb=SoCt67M3t_-oIlz4Ip0LbzkdCdPP&fccid=a08065a7813018a4&vjs=3
516b7ded17ff7a17,Merchandising Data Analyst,Kontoor Brands,"Geneva, GE",,https://ch.indeed.com/rc/clk?jk=516b7ded17ff7a17&bb=AqqX0YKHsQuSd67RjJ7Y3s75JBKlvejtAgioN1TvSI13Ry9Vsw1wnjkathc6RSdLEPURwZNPp-c1IyA69oS0CvazYp17VBnPUct-aA6wiE4HCQGZJtF-xOqpDHGPzGS-8jhJwcCoiuH5ZGpuvP3TvA%3D%3D&xkcb=SoAZ67M3t_-oIlz4Ip0KbzkdCdPP&fccid=2d27977a4d5e157e&vjs=3
8636a2e8adb2ab75,Data Analyst Intern,L'Occitane,"Geneva, GE",,https://ch.indeed.com/rc/clk?jk=8636a2e8adb2ab75&bb=AqqX0YKHsQuSd67RjJ7Y3sOMWRZwnKY6x0_eyikosstnpX6NRBVjDAWHVQ8ITrhYJqZtPc3RaDJtrAjYE4qshM92gpTCTjpOnV8uqhKL95ko1yYBpYV-DMdK0m8s26taV62PvdP-3Io%3D&xkcb=SoCE67M3t_-oIlz4Ip0JbzkdCdPP&fccid=63f22823c9fd6e73&vjs=3
8982c11a9b25a46c,Finance Analyst and Data Automation Intern/Officer (6 months contract),PICTET,"Geneva, GE",,https://ch.indeed.com/rc/clk?jk=8982c11a9b25a46c&bb=AqqX0YKHsQuSd67RjJ7Y3l8Vrd5f0mvm0b-DGR93Di3_0bRasbfghGiNW_BSnQR0B-ONUJWFx_-IjmWienMRuRi3k-NLE5FoV8zj5Be7lbjud3z66sWuJoT1r-Zf7Kn4d1NyUgVQIRY%3D&xkcb=SoAw67M3t_-oIlz4Ip0IbzkdCdPP&fccid=4584d16ef67bebe4&vjs=3
e15f22fe2599d230,Trade Regulatory Data Analyst Intern,United Nations,"1211 Geneva, GE",,https://ch.indeed.com/rc/clk?jk=e15f22fe2599d230&bb=AqqX0YKHsQuSd67RjJ7Y3sg6RZxvz9F1UiHD0y-rDRvHnicsCChGy8eCBRGAwiw6jdoEn1RqMv1CAlWIgyGzbjTrl7xTppmPmvQkP3M863t1SGb0IXVEkwJEIqraFArRiso9l4i_vjE%3D&xkcb=SoC-67M3t_-oIlz4Ip0PbzkdCdPP&fccid=65ae769cb89830ec&vjs=3
b22b4d0552024588,Financial Analyst,SonarSource,"Remote in Geneva, GE",,https://ch.indeed.com/rc/clk?jk=b22b4d0552024588&bb=AqqX0YKHsQuSd67RjJ7Y3me4EXkWn7ApzPMHFE-XvRJWPNXrnxz0jppqtxQ8lai_LgT0jsbRUfYRz1HShkK2mb2KIR33t8r0el5w-aLtgd39i-nUJZGpwsog-J1_FIO5oFQFzlW4xneuwZ2U1IQcqw%3D%3D&xkcb=SoAK67M3t_-oIlz4Ip0ObzkdCdPP&fccid=d11aab0a5c705691&vjs=3
f6e8b64f0ebd00e1,"Trading Analyst Intern, Inflation",Garda Capital Partners,"Geneva, GE",,https://ch.indeed.com/rc/clk?jk=f6e8b64f0ebd00e1&bb=AqqX0YKHsQuSd67RjJ7Y3jmDGwSMvoG30AadxPGNHwcDYgcl0iZUC5IMdwIfIS9z6XvVNa6NpZfGBaySltm6C7COJNYSCRyXU9BSJ4jJNFrN1ZoJgxcHdXa81hHDywG84rzLOXxood7YCB6KMklQQA%3D%3D&xkcb=SoCX67M3t_-oIlz4Ip0NbzkdCdPP&fccid=242b2811844a3430&vjs=3
fa55927659dcdbb9,Business analyst,Cognitechs SA,"1228 Plan-les-Ouates, GE",,https://ch.indeed.com/rc/clk?jk=fa55927659dcdbb9&bb=AqqX0YKHsQuSd67RjJ7Y3qc1tFIwKfQ3krh_KWdb_O9qliODTd43LDfEXwxsSSrWNKEqCMG_y2UoXn1VZtcGoV_fNKF06DtgMWbz30JqFmnF6Mn3bLI281EJemi27y4RECGZd6MVnSEYRqR92QQRrA%3D%3D&xkcb=SoAj67M3t_-oIlz4Ip0MbzkdCdPP&fccid=d292b4580ca10b38&vjs=3
a85c9fae993054bc,Trade Regulatory Data Analyst Intern,International Trade Centre (ITC),"Geneva, GE",,https://ch.indeed.com/rc/clk?jk=a85c9fae993054bc&bb=AqqX0YKHsQuSd67RjJ7Y3vr50lCphywvpQRE-yKGvYXXDsEig9dLxAASiXEoBiae58O2qrUqJwPNhOjC9xn1AlFcx8vUgKq3uzSbvemywgPxTq8TqP3hIcZ5zTXWCZ9vPVjWHHarGPM%3D&xkcb=SoDK67M3t_-oIlz4Ip0DbzkdCdPP&fccid=bd50c5ef77ca8097&vjs=3
cb65222043826066,Business Analyst SECLI,"UNION BANCAIRE PRIVÉE, UBP SA","Geneva, GE",,https://ch.indeed.com/rc/clk?jk=cb65222043826066&bb=AqqX0YKHsQuSd67RjJ7Y3jZIGzC4ZlGudO3Ns_o-vTBrER00fsUaItZ2pIx9nfAx4nXhMHIUhLbbI36wAkstDK55qkpICboC1l6H8Cbze_DUGO39Pngs4oktnsMnKRf_cGI1S6Sf8htqYInvRnPEgg%3D%3D&xkcb=SoB-67M3t_-oIlz4Ip0CbzkdCdPP&fccid=dd616958bd9ddc12&vjs=3
a6be4c4b187388e0,Equity Research Team Support,Lombard Odier & Cie,"Geneva, GE",,https://ch.indeed.com/rc/clk?jk=a6be4c4b187388e0&bb=AqqX0YKHsQuSd67RjJ7Y3k-FL8WC-8fx097dxXWA9KE8vDF8G0Nr0lHSyGdKvkZ9TouZzzZGUJZhHqb_iahB5BPPgVLg8dwcETWLgyJbYTWWXK9jY610yfxK-uZ6tPMyXU02mMpvMxE%3D&xkcb=SoDj67M3t_-oIlz4Ip0BbzkdCdPP&fccid=a08065a7813018a4&vjs=3
c92e127ba93a9f30,2026 | EMEA | Geneva | Wealth Management | Summer Analyst,Goldman Sachs,"1204 Geneva, GE",,https://ch.indeed.com/rc/clk?jk=c92e127ba93a9f30&bb=AqqX0YKHsQuSd67RjJ7Y3tf47ksPnv_jOjOcYPBYsGjtnJL8o5VAt1opaOs6wtvnizlOJs2x1TaNjYKK0E0w45eiUWwKMIa1LhwuU89Sm2sTCtbh-bcLUbg3ANxxAlKAeDGKsq0s7q4%3D&xkcb=SoBX67M3t_-oIlz4Ip0AbzkdCdPP&fccid=16a97ed26c75bf2d&vjs=3
1e88a74f4642d52f,Expert Data Engineer,Orange Business,"Hybrid work in Meyrin, GE",,https://ch.indeed.com/rc/clk?jk=1e88a74f4642d52f&bb=AqqX0YKHsQuSd67RjJ7Y3qi16NoFJLRvthd7FwvrvPVm0H8RoBIw4UghKDAwHsZbCGnIy_6TU6nvnZJ7qVFSIHZeNdIf_gwofBeNALcPGPo-E-Lk-UbcbHWJhI87mKvBUkkrHfzGkYwA5RchQ-lHiQ%3D%3D&xkcb=SoDZ67M3t_-oIlz4Ip0HbzkdCdPP&fccid=24d2bacb9e5b24ee&vjs=3
a8736a6a0df45b6a,Business Analyst – IT Integrations,MSC Mediterranean Shipping Company S.A.,"Geneva, GE",,https://ch.indeed.com/rc/clk?jk=a8736a6a0df45b6a&bb=AqqX0YKHsQuSd67RjJ7Y3tf47ksPnv_j0RiKyI8dfNPWsSQ5x8Utxj45ByBVvmorkRuEn0xHsL2I_x-wSgO5vSYtyy_9cRt600E-fuVSupDv6pjRnYHhvrzTSrByIGwmxu0mh9KJPC1LpP-hkSsCFg%3D%3D&xkcb=SoBt67M3t_-oIlz4Ip0GbzkdCdPP&fccid=781cfd2919354e3e&vjs=3
86415469a7ef482a,Business Analyst - Platform (M/F/X),Deutsche Bank,"Geneva, GE",,https://ch.indeed.com/rc/clk?jk=86415469a7ef482a&bb=AqqX0YKHsQuSd67RjJ7Y3tCz1kNd-bjSQTObpkEJYPekLJo09kqbHQDdUcP2WFtTWS5wx3EQjMwDFqobK4Y6neAj7zW5JEFKtLMw3Yd42li__FckWJ9BL3ZJrv2iEAvf-DdXyUmlizI%3D&xkcb=SoBE67M3t_-oIlz4Ip0EbzkdCdPP&fccid=f1d8e147024abb3f&vjs=3
c69bfaff20a455be,"Member of Technical Staff, Data Research Engineer",Microsoft,"8038 Zürich, ZH",,https://ch.indeed.com/rc/clk?jk=c69bfaff20a455be&bb=2caHnQnUWrwKuGWF7dWA0qxExTbJr-pjhc-l1ER-41EXt04XG1gXH7iAKhYBMSSqBu9row050ec9pnFnvzurMtTKscHtrPm7DGdKC4zx0u4a2FWXQzXW73fa9wbMUCiilQR6rUdG0i4%3D&xkcb=SoB567M3t_-mu8zCUx0LbzkdCdPP&fccid=734cb5a01ee60f80&vjs=3
f76a6b4e08e0dbf1,Data Engineer (alle),Migros Bank,"Remote in 8304 Wallisellen, ZH",,https://ch.indeed.com/rc/clk?jk=f76a6b4e08e0dbf1&bb=2caHnQnUWrwKuGWF7dWA0nt4xVLW1o2turqKySpAwuTWU1AD_yqE81WEo1nPhOzC3TS6kKY-M6QRgRlmPVmHe236yeGoyaFfqHTHzHlyEYa881QcF-FBdYBg4ZVclzhHknD5_cxguGx4IFtM7KnjQg%3D%3D&xkcb=SoDN67M3t_-mu8zCUx0KbzkdCdPP&fccid=a4f0984dd72de024&vjs=3
04dd9d8804fc26a6,"Data Engineer (m/w/d), 80-100%, Wallisellen",Sonepar,"8304 Wallisellen, ZH",,https://ch.indeed.com/rc/clk?jk=04dd9d8804fc26a6&bb=2caHnQnUWrwKuGWF7dWA0m2H5bWHzYzgHoLrU0My_l8dzZRAEJZ7LM6iFD7y6CjMAUr-pdj0StQ3NfxJlncC2EpWrq2Kc2tEJZLqRU9-PO2ryJkqG0gQuiht3ah91KVasfCsK2MsR0NwUZ3mGyOibg%3D%3D&xkcb=SoBQ67M3t_-mu8zCUx0JbzkdCdPP&fccid=1529cefeebf96661&vjs=3
f3b1697f90aed8ab,Data Analytics Engineer - Visualisierung (w/m/d),Migros-Genossenschafts-Bund,"8005 Zürich, ZH",,https://ch.indeed.com/rc/clk?jk=f3b1697f90aed8ab&bb=2caHnQnUWrwKuGWF7dWA0uj3wRkD8a66EyGdjAVikL4NNf1_RHWNGHc1LE-88WMT59GhuIL77fCKFj_pAUWcPRHAkdjOeEazpbtH3hH36bkO0X7l_aZmPT4-F4OGKco-b1Zg64B4fupRRrH2PrzDyw%3D%3D&xkcb=SoDk67M3t_-mu8zCUx0IbzkdCdPP&fccid=3cd5cb7555ff5b56&vjs=3
373ea22934eeee87,Azure Data Engineer | Swizerland,Acquism,"Zürich, ZH",,https://ch.indeed.com/rc/clk?jk=373ea22934eeee87&bb=2caHnQnUWrwKuGWF7dWA0rMdQQZczqGY1D0s-AnqWxB43ZnKWApER3zXovLkjqFJ7oqXcp9ufG2lz9i2nMFzloSxoDJFaP5OKg9kwcpVIUvfl3ShNxPIJzO_fs2iYqWE1T6KzLCIbcFoO3tDStwwRA%3D%3D&xkcb=SoBq67M3t_-mu8zCUx0PbzkdCdPP&fccid=0b512bb6c2aa67c3&vjs=3
bef3217335c3ff99,Data Engineer (m/f/d),mimacom,"Zürich, ZH",,https://ch.indeed.com/rc/clk?jk=bef3217335c3ff99&bb=2caHnQnUWrwKuGWF7dWA0j0fv3hgLJ3ty7_LG5oYWUSbI3q3gncZQKT9u4IJ9VDxReyo7H9nPU_1Xsjc740ga-0tuumh4nk537SVjPlHT6Vj-XTJv4cDiLra87fZ8vO0u_fjg7uqj90497AbyQ5tCQ%3D%3D&xkcb=SoDe67M3t_-mu8zCUx0ObzkdCdPP&fccid=05491b32c8623aa0&vjs=3
e4d7301fd1fd26eb,Data & Software Engineer,Apple,"Zürich, ZH",,https://ch.indeed.com/rc/clk?jk=e4d7301fd1fd26eb&bb=2caHnQnUWrwKuGWF7dWA0rA5v4LR2cnwzEfxyXdHyDzBN6fgA5QWi5eAnru4EIjKlNgKxAK4RgY993us42EJPVEuTHWS93ZodN9B8DKqks2UWsT0XQ7xZLHAkLms1ENxYMeIGQa7aww%3D&xkcb=SoBD67M3t_-mu8zCUx0NbzkdCdPP&fccid=c1099851e9794854&vjs=3
085da59f14f75d42,Data Engineer,‍Acosom GmbH,"Pfäffikon, ZH",,https://ch.indeed.com/rc/clk?jk=085da59f14f75d42&bb=2caHnQnUWrwKuGWF7dWA0pGZUz09MPFOf9CdEX643-NaCmB7SP_psUzHiEOliDvjHJqD2q99Hq4TQXOnOybNzhCARbFfABcaijRgG2GjJMeW-u2dbr1nGu2fuzoTUVLq93GtITxc1pZ75aOdpDEfrg%3D%3D&xkcb=SoD367M3t_-mu8zCUx0MbzkdCdPP&fccid=f8f88b65cee3bc15&vjs=3
c59fb99766ef62b8,Data Scientist,Albatross AI,"Remote in Zürich, ZH",,https://ch.indeed.com/rc/clk?jk=c59fb99766ef62b8&bb=2caHnQnUWrwKuGWF7dWA0rQ79CSoccp-mZ4GBQtRyIC8_vLpPkyEdNuacYRTdDoCxJxbCmnJt059Smblcw5YhcrIOsDFcK-kFrDdlrMf0fyYeiwo3rYk5ZnLiJlEV82OmFA4_BonP7FaTqCOlQysDQ%3D%3D&xkcb=SoAe67M3t_-mu8zCUx0DbzkdCdPP&fccid=ea9743decd41663c&vjs=3
054fcb9655964f57,Senior Data Engineer (A),Bosshard & Partner Unternehmensberatung AG,"Remote in Zürich, ZH",,https://ch.indeed.com/rc/clk?jk=054fcb9655964f57&bb=2caHnQnUWrwKuGWF7dWA0l4WLMSKN3zQm3w-03VpeEqS3aHi_fpTbbUyabQfUUBZIJ21CncojRvz9Jalk7SNPbLI5gHsbwisSF0oqwWcvrunyYD9rxHWVnTKkL-58VNEc9K-ytVLSGnGirG3vZye9A%3D%3D&xkcb=SoCq67M3t_-mu8zCUx0CbzkdCdPP&fccid=a081694225ec6b2a&vjs=3
ba8a9a1a99cf02c2,Senior Data Platform Engineer,"EPAM Systems, Inc.","Zürich, ZH",,https://ch.indeed.com/rc/clk?jk=ba8a9a1a99cf02c2&bb=2caHnQnUWrwKuGWF7dWA0tHg079R_4wfPZz7OjOdh8AylDLlP8lZ8hPMZK0M0lW8CMU_DEHsRgCgWh_dHrhFNfXFM8VPUk5_yRc-44b0xfCZvNKxWsFyaDquDU8oGEDPSqtGvAIQcJrwCZB5xtFvdA%3D%3D&xkcb=SoA367M3t_-mu8zCUx0BbzkdCdPP&fccid=532afac41b2663f7&vjs=3
08931fcd7ddfbee3,Trainee within Data & Analytics Office,SCOR,"Zürich, ZH",,https://ch.indeed.com/rc/clk?jk=08931fcd7ddfbee3&bb=2caHnQnUWrwKuGWF7dWA0p0-GgMhfTR5Ohw_jFvLhu804zHUCkLcz_xmGTZxqVfpNUA1-Gobdib8gGP-TNLMoRLE7yArXm6oNpXT_OHHEiuV5-CcjYjGldtT0jKzQu5AFVanFEOi3fMVtKiLBcqyTQ%3D%3D&xkcb=SoCD67M3t_-mu8zCUx0AbzkdCdPP&fccid=9c88d6c072287f24&vjs=3
dc0e25899373d4df,Senior Data Integration Engineer 100% (f/m/d) - (Contract through our external payroll partner with immediate start for 12 months with possible extension),Julius Baer,"8048 Zürich, ZH",,https://ch.indeed.com/rc/clk?jk=dc0e25899373d4df&bb=2caHnQnUWrwKuGWF7dWA0m2H5bWHzYzggXPuQZK6pNQV-8JLnA9EUXw7IZy22O6e0d0vX8LYj07-w0520X17V_YrI9C5mD4VkpIPCOYOzz1Mk37-vGDpGBfqJfQ_CDF0MwYEMO8hjz5xHSjCVgJFyg%3D%3D&xkcb=SoAN67M3t_-mu8zCUx0HbzkdCdPP&fccid=4b4a74e3287b644a&vjs=3
5b8fc119fcaba281,Analytics Engineer - Logistik (w/m/d),Digitec Galaxus AG,"Zürich, ZH",,https://ch.indeed.com/rc/clk?jk=5b8fc119fcaba281&bb=2caHnQnUWrwKuGWF7dWA0g2Jze_CiN9LtNlu5ahMHKDf6TXOK7lM0Ai6z6k2HFbMSZ-zmJPI0NVEmuTWRMxCONC6M3cJHLbb45EV4SXyk1xwXa25T8iijGDBfdvXQko1Ax4SgazvN9ixSiTKJRxK0g%3D%3D&xkcb=SoC567M3t_-mu8zCUx0GbzkdCdPP&fccid=eb4f8f848ee66581&vjs=3
4724fdaba6ce144f,Data Engineer,AKROS,"Zürich, ZH",,https://ch.indeed.com/rc/clk?jk=4724fdaba6ce144f&bb=2caHnQnUWrwKuGWF7dWA0g8tjIfnJqNCbebsnbPz62BkgWHO6KSjQQA2VquOH9Vf4CYrve4etYvv8pjQWOctwqxAupWgwZ01LB-rQlYPrzyOeSn3O9XCXRZRhTwNmZc4ASHmOviCyPpLyQCkcAdZ9A%3D%3D&xkcb=SoAk67M3t_-mu8zCUx0FbzkdCdPP&fccid=84d367e3505c0b4f&vjs=3
fc1442a4989c9880,Data Engineer,Nestlé,"Konolfingen, BE",,https://ch.indeed.com/rc/clk?jk=fc1442a4989c9880&bb=FVS9FP6cofYrv2ud-tkB48-Hausprxh_vkjAaWuX45xRknRhm0f9gErYQFXDejWIzLBIhxot_8JdjdvLNFaQ5cFGOCYfAvMxsJfVzxK7jtg2OH3D1y34pnD_GO19TnpmsVZojPRM3Hw%3D&xkcb=SoDD67M3t_-lT4T5TJ0LbzkdCdPP&fccid=bfdac90a7574b77c&vjs=3
091a6f7310c179b7,Data Engineer (a),AdNovum,"Bern, BE",,https://ch.indeed.com/rc/clk?jk=091a6f7310c179b7&bb=FVS9FP6cofYrv2ud-tkB4102x49ArC1qu8-0w_c2c7beN3DoEGdz2CCJgKkEhefJvT5OH-duZsDM4Hdx5FvLmp9euVm2KbCUUjtRfxhRyH0diWF5Pr1Awo7jb-CBUJjRuDsl1hXWCXoPbGtWSqzPQQ%3D%3D&xkcb=SoB367M3t_-lT4T5TJ0KbzkdCdPP&fccid=f41405d7054e617a&vjs=3
c6913ba2be9ff116,Data Engineer (w/m) 80%-100%,Galenica AG,"Bern, BE",,https://ch.indeed.com/rc/clk?jk=c6913ba2be9ff116&bb=FVS9FP6cofYrv2ud-tkB49VY8-VF25Us2nz33O_TnbYb-dDVp2mU0Xo9MVxwwNe2BusMXY7CPoKbz7m8q1H-LA5-HnmotBxegvCu_yu88UIhpvoJ4JytrSRpEvuOznMEldcumHJHP4wn7ALi1wCF5g%3D%3D&xkcb=SoDq67M3t_-lT4T5TJ0JbzkdCdPP&fccid=fecd5057327fba26&vjs=3
32264856689281cd,Data Engineer,AKROS,"Bern, BE",,https://ch.indeed.com/rc/clk?jk=32264856689281cd&bb=FVS9FP6cofYrv2ud-tkB4yEyn6tvU1AG8Tt3uRxcyr0eIJ9TH9YrwfzW7z0R4KFqkppFyQyRR3l5Pp54_EQfWaRpL_GkqCDD0uFZl8SsWd1yvoB3brN3TZwFOFgpCrluK5LyQ5VllC8rSDvlIweKYg%3D%3D&xkcb=SoBe67M3t_-lT4T5TJ0IbzkdCdPP&fccid=84d367e3505c0b4f&vjs=3
d374006aa16b280a,Junior Software Engineer Full-Stack (a),AdNovum,"Bern, BE",,https://ch.indeed.com/rc/clk?jk=d374006aa16b280a&bb=FVS9FP6cofYrv2ud-tkB45mLJJOJFNUO248CD3RG83iccV502V65lnOeDOOTZllGrixNRB6xUzvMbaKDx9_c5Fl-hSx8ESO8oHf4nRP5hThdmGOYuNNRtA7IVJVhoFdXiH5bdrJtkxJSdNLj1cy1sQ%3D%3D&xkcb=SoDQ67M3t_-lT4T5TJ0PbzkdCdPP&fccid=f41405d7054e617a&vjs=3
46aeab8a3fe3dad0,AI Research Engineer (Fine-tuning),Tether Operations Limited,"Remote in Bern, BE",,https://ch.indeed.com/rc/clk?jk=46aeab8a3fe3dad0&bb=FVS9FP6cofYrv2ud-tkB45SqDBgG8peVLr0NF7GWHrPE76qq4Rgj-ofLjBr0llnBqWJWJREfWb3bQ5poe0W1HWE2oivBEmug8t9bKTeI5l8RQUFbaIx761wgLmqCygGjcsPHVXqd4RVcnmCgWUU3bA%3D%3D&xkcb=SoBk67M3t_-lT4T5TJ0ObzkdCdPP&fccid=c0737bbe83895925&vjs=3
6d45a00104078297,Prof. / Sen. Software Entwickler im Big Data Bereich,Future IT GmbH,"Bern, BE",,https://ch.indeed.com/rc/clk?jk=6d45a00104078297&bb=FVS9FP6cofYrv2ud-tkB40_Y7nEMN_NbuCt7vOiiigF9F4zItLp8jAvoehTxJ09_M2PcBoDZO0gsRl28Tmo_Y0UkZMWqSLT2OarVz-7BM2JL_4jAa5tAh-xezosyzbj0gyJASfo6tQ9v2gW4O2Iatw%3D%3D&xkcb=SoD567M3t_-lT4T5TJ0NbzkdCdPP&fccid=e2aaf19efbfeb6a9&vjs=3
c344e03b1961f8c0,Telecommunication Engineer- Switzerland (Bern),Marquistech,"Bern, BE",,https://ch.indeed.com/rc/clk?jk=c344e03b1961f8c0&bb=FVS9FP6cofYrv2ud-tkB4_AKWspUGjbH5kvO0cKlYH07nlUciivf0XIydXagpz9razxFRumcqye_5evagRYtw1hu4Z2BfiSaYD6axH6xLFFmPu6ZlSIRI8454dZ8a8KcUPdmZYKTUCRYJXxGjSO4KA%3D%3D&xkcb=SoBN67M3t_-lT4T5TJ0MbzkdCdPP&fccid=5d3c8219192daca9&vjs=3
010a1ce243425d3c,Senior Data Engineer AWS Redshift,ELCA Informatique SA,"Remote in Bern, BE",,https://ch.indeed.com/rc/clk?jk=010a1ce243425d3c&bb=FVS9FP6cofYrv2ud-tkB4yMRC9-LGzzq7G8FewzcgnNDP4wMzuTTURe8v8xgV-A4YxXMdT42lU6gGouBz-sbtWx_dAbtMQvZBgJPeALGd2FlEYHBHlXp9P4bsQMehHnPBWVdf-w3cpJKZ5tnqTeUtA%3D%3D&xkcb=SoCk67M3t_-lT4T5TJ0DbzkdCdPP&fccid=4166c1cedc279c9f&vjs=3
bf045bfefadbcd94,"Trainee Engineers at VSL Technologies Business Line in Bern, Switzerland (Minimum 3 Months)",Bouygues Construction,"3014 Bern, BE",,https://ch.indeed.com/rc/clk?jk=bf045bfefadbcd94&bb=FVS9FP6cofYrv2ud-tkB4yPsr3fEdsQnt4EWNFglBkbT8kX28y0dDMfLtpToWWmHv5ZMundeqBMprJaZ1r07Q3a1ihptwD2QKDXhubHiBZ7-f2e4xBx-zytSw1EGTzRYUjZ4xSpyqA1qFj_vWCjiDg%3D%3D&xkcb=SoAQ67M3t_-lT4T5TJ0CbzkdCdPP&fccid=b374d2575a883050&vjs=3
11ce5e8f09a2eee1,Junior IAM Engineer (a),AdNovum,"Bern, BE",,https://ch.indeed.com/rc/clk?jk=11ce5e8f09a2eee1&bb=FVS9FP6cofYrv2ud-tkB43oV8PT_ZNzjTFIow3N_3p4DC56ZVTHqMmB5P4AED_t-F8OTWgsOSOfKnrBQlmSp_8OZXOX0ko1TReZFampevNKeKuCWAXKzxtK0DtcEUZC1jWOdfRJspwdncoyWp1H3IQ%3D%3D&xkcb=SoCN67M3t_-lT4T5TJ0BbzkdCdPP&fccid=f41405d7054e617a&vjs=3
96c8abc1656ae1fd,Senior Test Engineer (a),AdNovum,"Bern, BE",,https://ch.indeed.com/rc/clk?jk=96c8abc1656ae1fd&bb=FVS9FP6cofYrv2ud-tkB41lNOnqI5d4NcDlJE7xaAZ7CMpd9M3FMg-FMaJF_5hkYBRkdbVbWIuvdqROaY5wGT28Sgn9xn9Ed8jZRoNAthtxwpKbJUzVrPQTI52JRJo-VifYWWdClr_90yJ1fpUGp-Q%3D%3D&xkcb=SoA567M3t_-lT4T5TJ0AbzkdCdPP&fccid=f41405d7054e617a&vjs=3
d0a8f4403bfdd312,IT Infrastructure Engineer,GF Machining Solutions Management SA,"Biel/Bienne, BE",,https://ch.indeed.com/rc/clk?jk=d0a8f4403bfdd312&bb=FVS9FP6cofYrv2ud-tkB42HMXwmpRw6_bjJdN0tN7g6HljPMSeiWl9h_wjvHtWYHQ_ShYolqKr8ravcupw_GLNE3yZJOBJehJH8Z89YjhZngill38zp0ii-_1lZY0IIhJ4S14vmj15xpX-k1Okovxg%3D%3D&xkcb=SoC367M3t_-lT4T5TJ0HbzkdCdPP&fccid=9f6d124601ad027d&vjs=3
a5ce9eb3f9966a43,CLOUD INTEGRATION ENGINEER,Zync Group,"Bern, BE",,https://ch.indeed.com/rc/clk?jk=a5ce9eb3f9966a43&bb=FVS9FP6cofYrv2ud-tkB452_FrG2qt7cVpXQl_bA4byAboGF4EDXT0z5YmHvKzlW2Bjhz_KqK4xOQIXpurLP3UOocnWK1IzYvqByAnSdkH0EjGRuzVRgV_oxz5aTorDubRjs6xj5HQWbeEv5ffxk8w%3D%3D&xkcb=SoAD67M3t_-lT4T5TJ0GbzkdCdPP&fccid=76a3eb445dfdef20&vjs=3
c63b60e278bee48c,Site Reliability Engineer im Bereich «Operations Control Center» (m/w/d),LC Systems,"Bern, BE",,https://ch.indeed.com/rc/clk?jk=c63b60e278bee48c&bb=FVS9FP6cofYrv2ud-tkB42V15gQkT7mVsSe-J8m8VcunbQC7RxT5QLAIhgJ6ageAk9QnWQY9WJeMEllAE8Nt77RV37m1pHm79gS4sNx1TZcwTUQGBoCyRjaEW4ZAGIBfI6dGXr9e2CbzTaLoOtXJsw%3D%3D&xkcb=SoCe67M3t_-lT4T5TJ0FbzkdCdPP&fccid=f98570f3d69ed701&vjs=3
cb65222043826066,Business Analyst SECLI,"UNION BANCAIRE PRIVÉE, UBP SA","Geneva, GE",,https://ch.indeed.com/rc/clk?jk=cb65222043826066&bb=x5jErGwPrVgtqWlI1cnM-ryTOSBmeoduwXS3ia51JrwmwbDahUecimEsG_DayvZNBjzFiHZVbocgjGgPF6oRXQvZSFY5noKTPxX_P2n-d6Z3C3yn17EGqr2lY_Qzdhemo7pVagFM5VFZB7CVj84aOg%3D%3D&xkcb=SoBB67M3t_-j-szF5Z0LbzkdCdPP&fccid=dd616958bd9ddc12&vjs=3
fa55927659dcdbb9,Business analyst,Cognitechs SA,"1228 Plan-les-Ouates, GE",,https://ch.indeed.com/rc/clk?jk=fa55927659dcdbb9&bb=x5jErGwPrVgtqWlI1cnM-uAo3sL-QHChzevXcDYaa4cfWS-KeJLjXHZdgK4VwmSwYzX6nomWAh5EeEqOdfsn1nyrniBG1w7l0Uu14jYVREascVb5dFG7BASn3Y6A1N_8hJjqx9Ca9vosT52jaQXdeg%3D%3D&xkcb=SoD167M3t_-j-szF5Z0KbzkdCdPP&fccid=d292b4580ca10b38&vjs=3
47aead0c0625624f,Business Analyst,BS-Team SA,"Remote in Geneva, GE",,https://ch.indeed.com/rc/clk?jk=47aead0c0625624f&bb=x5jErGwPrVgtqWlI1cnM-oA32vMB_Vau_WHjyIk-W7yqqtVUfi0S0FCJc-ltQEPgLE4UWew_NYZ0elLqcaKeG2jZNyRZv_dbYJbr2ET3lsqrUSZVjrByRqWm3mR_TdK1FlzvjhE99IwuEc9Ae4aghg%3D%3D&xkcb=SoBo67M3t_-j-szF5Z0JbzkdCdPP&fccid=cd0a63ae719f0394&vjs=3
69831c078363f7b5,Business Analyst Agile,MDB Consulting,"Geneva, GE",,https://ch.indeed.com/rc/clk?jk=69831c078363f7b5&bb=x5jErGwPrVgtqWlI1cnM-p62WYcfEqh_AdrNpIXXR3OV4V6Q8m5oke8diVJbhHfMeMXZRgRw9QQ7ZtQ41CEZFVdw7EdI_cq-IY3MuQjeRyGgUlano6qvbzqzgzCL0H4rGaKdKDV-XL-FrojWpqssZw%3D%3D&xkcb=SoDc67M3t_-j-szF5Z0IbzkdCdPP&fccid=d811f878abb474e8&vjs=3
232e1df037c49557,Business Analyst – Client Platform Advisory (80-100%),Lombard Odier & Cie,"Geneva, GE",,https://ch.indeed.com/rc/clk?jk=232e1df037c49557&bb=x5jErGwPrVgtqWlI1cnM-k4iGOCbjSq3oOpnb91PHyrgYKKLGPeQYOeTq90f_xfh11Q5Gnf6hbzPByFBRmb9LEQGL1OxnAaHro3zzLnEQGwki8eJPJo4IHk2U17G1BStqYjESf6g8abxSL6Jwj90mA%3D%3D&xkcb=SoBS67M3t_-j-szF5Z0PbzkdCdPP&fccid=a08065a7813018a4&vjs=3
86415469a7ef482a,Business Analyst - Platform (M/F/X),Deutsche Bank,"Geneva, GE",,https://ch.indeed.com/rc/clk?jk=86415469a7ef482a&bb=x5jErGwPrVgtqWlI1cnM-reeCAM727L8mQirgWZpzuO3dvtOdLHN1Ulztt0RbIxpxv4wTUtn_-_7IMc1M7K8TLtYTR3yATjihBN3F_k0Y9Pe3sCQczMbif_UeLebFafPOFEOQmWWXzCm4LmtTZeKng%3D%3D&xkcb=SoDm67M3t_-j-szF5Z0ObzkdCdPP&fccid=f1d8e147024abb3f&vjs=3
0ed353768a31e9b6,Business Analyst,Clarins,"Plan-les-Ouates, GE",,https://ch.indeed.com/rc/clk?jk=0ed353768a31e9b6&bb=x5jErGwPrVgtqWlI1cnM-vQ_5h1f8x6d5aGEmeVR6GPjtOQ7361DralcEm3pKvcjd6wrDcsECV-w8xYpeEVaoiAXoOK_mea7uNx1eSlvsVQIRKOF_vXVnX9MdY1zuVSihNLx8RAWskFb_dQzQXzsEg%3D%3D&xkcb=SoB767M3t_-j-szF5Z0NbzkdCdPP&fccid=6337ab41cad9f3cf&vjs=3
1ae36922c415b21e,Business Analyst (International Consultant),International Trade Centre (ITC),"Geneva, GE",,https://ch.indeed.com/rc/clk?jk=1ae36922c415b21e&bb=x5jErGwPrVgtqWlI1cnM-gm1JMHC1LXPKSOe6qVCrKBxxp2RYJaDyHMm-iJJurouvjnjaAkRHDUOFinF4KRJWGHJ-i4DbSFUs9kmw2gupa1HCO9RJukAzj7jkGzi7fVzL1N5RFLj_cx0FYjqI2ec5g%3D%3D&xkcb=SoDP67M3t_-j-szF5Z0MbzkdCdPP&fccid=bd50c5ef77ca8097&vjs=3
6a9a04ff57a89804,Asset Management Business Analyst,CAPCO,"Geneva, GE",,https://ch.indeed.com/rc/clk?jk=6a9a04ff57a89804&bb=x5jErGwPrVgtqWlI1cnM-vdEH9l-lGsYF4LCrI-cSJyQSILpkZ7ChMnXO7SiSnANhCoSf39iyS5_CBN7KV4RifBprckEJzlsGtgj_7F5JgWRBhypDSytubm1ihv9ATG6U4B7pNiRtMw0BKrFTbTv3A%3D%3D&xkcb=SoAm67M3t_-j-szF5Z0DbzkdCdPP&fccid=c2a63affe8751868&vjs=3
65bf5951889a9b49,Business Analyst / Analyste métier,Apside,"Hybrid work in 1204 Geneva, GE",,https://ch.indeed.com/rc/clk?jk=65bf5951889a9b49&bb=x5jErGwPrVgtqWlI1cnM-nxg1FIEwliE-1E8V0m4kvc3hIUIzlHUEQmebQIcL8wEN4D7er6MyT-qTzMnrlCXm87MKJfIEKFKARO8EqG7bavqIkx87tA0Sf7vao_dz0VgwbO1pr6tW6QQW-7-MOFluA%3D%3D&xkcb=SoCS67M3t_-j-szF5Z0CbzkdCdPP&fccid=c4b1242d6123e12e&vjs=3
3fe75fa160b2e21e,Business analysis,FinTeX S.A,"Geneva, GE",,https://ch.indeed.com/rc/clk?jk=3fe75fa160b2e21e&bb=x5jErGwPrVgtqWlI1cnM-hdvweWwZC2nzYU0sa9pAuojMQrEw84nHNK31IkDamSmtLhqP3MSrLKOtxpGGv1usiLkVYWy9cdQ_t59oHjYrQfSreg9LflDFIBKC8aRTdJCy7VtLYwMtB8T5cNmiQiaLA%3D%3D&xkcb=SoAP67M3t_-j-szF5Z0BbzkdCdPP&fccid=b780e232c07fa79a&vjs=3
58b015588943fe96,Business insights analyst Intern,Chanel,"Geneva, GE",,https://ch.indeed.com/rc/clk?jk=58b015588943fe96&bb=x5jErGwPrVgtqWlI1cnM-jfo4asKBeZbxGX17j7ESzfOl4n2qqhJW_jqIMqoyewOx2yazTjmMz-SvtyJuSOHNu6YNsOhOw8lPhjekIe1ZZ-P3w90ee20O0ls6Jz-01gAyHBI87cZncy-3uqdaUNxRQ%3D%3D&xkcb=SoC767M3t_-j-szF5Z0AbzkdCdPP&fccid=99a9c7df17db8fc8&vjs=3
3b2ec3bc275fa133,Business Analyst / Chef.fe de projet IT,Societe Privee De Gerance,"Geneva, GE",,https://ch.indeed.com/rc/clk?jk=3b2ec3bc275fa133&bb=x5jErGwPrVgtqWlI1cnM-g_CZPfF3YAYLaEiPzzKweg7FA5MbN_TJrjYtGNValIuHBwvF4qts-CZSph4n-ZIxDndsDLOauvsOY1wtAADTIYL95P9iOpF1CsxdNlM88BdqaTnpKJtaxEEVLhcVMZx-g%3D%3D&xkcb=SoA167M3t_-j-szF5Z0HbzkdCdPP&fccid=f3d877a882725b45&vjs=3
5a057d489830b494,Business Analyst Orchestrade / Front office,GRADIANT,"Remote in Geneva, GE",,https://ch.indeed.com/rc/clk?jk=5a057d489830b494&bb=x5jErGwPrVgtqWlI1cnM-pk33s7u2rHy4LZBTFoTZ6adsRMRXCYSXSwgFWYIxyFv0MsnBw6DIsnpCwM3VZDOviLxFPyIrKUCwPlqW0Ib8FuB5yGm2YhVK-WrXHDtxd8Na_F35l-BnfU_sn_UvBascg%3D%3D&xkcb=SoCB67M3t_-j-szF5Z0GbzkdCdPP&fccid=f90ab8951afc65d5&vjs=3
c92e127ba93a9f30,2026 | EMEA | Geneva | Wealth Management | Summer Analyst,Goldman Sachs,"1204 Geneva, GE",,https://ch.indeed.com/rc/clk?jk=c92e127ba93a9f30&bb=x5jErGwPrVgtqWlI1cnM-v88bcyFSLzPQ-pf9eLdV_FIVH1MJKEqRKbOoMdB-GZ3h5iNDi9t1nMZONo7Fij-wNAFqZeU_QSemRI2MZMkQX31CXltt31JHN1WeRLrLxC2DoQSHVYx0C9YDuPR2o-fBw%3D%3D&xkcb=SoAc67M3t_-j-szF5Z0FbzkdCdPP&fccid=16a97ed26c75bf2d&vjs=3
c1ccef535fa878f6,Innosight Consulting Analyst - Switzerland,Huron Consulting Group Inc.,"Zürich, ZH",,https://ch.indeed.com/rc/clk?jk=c1ccef535fa878f6&bb=EU-bRW2ENhHWUdTFVLcjvhlQccAA2zYiljGvyMfG0dbFaDqy9YLnmsEFcP2LPnQCmHsNk1Hrts2FboQuO2MAr4KcWrBj3EiSMtNfIpelquFAnBNqATILCHilP-uAwbpgq_06GmWZQGvsnhBbkJHwNg%3D%3D&xkcb=SoBD67M3t_-iiQT48J0LbzkdCdPP&fccid=aa50c21fb3d97098&vjs=3
10d2123eebee710b,Junior Financial Planning Analyst 80% - 100% (w/m/d),Dormakaba Group,"Rümlang, ZH",,https://ch.indeed.com/rc/clk?jk=10d2123eebee710b&bb=EU-bRW2ENhHWUdTFVLcjvv6obbimjNn8rSmo2ibyAus0-sz3cof_22hPgNUVJXwy4-p-JvNGx3nzXIaQYb9HBguzo9y83PsfkOfgeRPhb7MwdRJhiyM97zGQgiYIj6CgVxeZ63FPoKD_e710zCJhVw%3D%3D&xkcb=SoD367M3t_-iiQT48J0KbzkdCdPP&fccid=9d04625003f47b3f&vjs=3
7a6601e9388b55bb,2026 | EMEA | Zurich | Operations | New Analyst,Goldman Sachs,"Zürich, ZH",,https://ch.indeed.com/rc/clk?jk=7a6601e9388b55bb&bb=EU-bRW2ENhHWUdTFVLcjvk7Y82B8jTBKo1txUctH3T6Q1XSrbayk-lX7c7fPMJ7ktNA5YjhJyRne6-VnXCxDRhMcoi95JZlPxRwpIQQKQxEWRLCKmk1YyeS90TAERS20yZ8voivAqR_O3W5A0zdKQg%3D%3D&xkcb=SoBq67M3t_-iiQT48J0JbzkdCdPP&fccid=16a97ed26c75bf2d&vjs=3
466178b7426e1977,Business Analyst - Market Intelligence,KPMG AG,"8004 Zürich, ZH",,https://ch.indeed.com/rc/clk?jk=466178b7426e1977&bb=EU-bRW2ENhHWUdTFVLcjvuLh0xDg45_lbTtODd2_F-Hfw8TODc7q4Zuy2VWsvVdLwj_AfUSQnB7DwCNOPlS9SPOIg98R8GQRncFIWtYSeHkB8MBgFJ3ghIDBv_5oR-qlAPayh79OA-c0U0Qdzj5lYQ%3D%3D&xkcb=SoDe67M3t_-iiQT48J0IbzkdCdPP&fccid=2dd390c3a48a7ed0&vjs=3
7296d8ea919a555f,Senior Business Analyst,Zühlke,"Schlieren, ZH",,https://ch.indeed.com/rc/clk?jk=7296d8ea919a555f&bb=EU-bRW2ENhHWUdTFVLcjvnFU8YychVFEwncN2IT0ZnhCPxHWug-Qw17fMNdlhipK8gCJ0Zu5Nap3VjM9JZ08woIKOpc9pRTZQHV7ewXOP34f3-es7KPGXE75IKfvBcFhvy-5gTrtvV0jtaQhtx-T3g%3D%3D&xkcb=SoBQ67M3t_-iiQT48J0PbzkdCdPP&fccid=1f0be0d62aa51b7e&vjs=3
1c2705467f729bc7,Business Analyst (A),Bosshard & Partner Unternehmensberatung AG,"Remote in Zürich, ZH",,https://ch.indeed.com/rc/clk?jk=1c2705467f729bc7&bb=EU-bRW2ENhHWUdTFVLcjvmN-87GvAvR_D-s4KO8Flj3x4jO1D6MUlud-Cw1bBqQe9mfpxcmYclIlqlq-UHT1QWkxE9RNST_7lWvEcoA1CZ_2UvnLwGNqgIRZL0UnE9Xdj1mSKQB9H2WwWehkRrghlA%3D%3D&xkcb=SoDk67M3t_-iiQT48J0ObzkdCdPP&fccid=a081694225ec6b2a&vjs=3
d69cec8639002c0e,Business & Data Analyst (A) Migration Project,Bosshard & Partner Unternehmensberatung AG,"Remote in Zürich, ZH",,https://ch.indeed.com/rc/clk?jk=d69cec8639002c0e&bb=EU-bRW2ENhHWUdTFVLcjvszfqqBGtuuGNcUYEd345dGGzngf1OLJbYjo2Hsuszmkwq4t0OJOXjWuHPhW0lNJIeZnuuv4dRILRp8G32Cq7ob1uJ3Kbfoh4THtUNEDJwCB37zwQQ9xbDmxUvST1VbeuQ%3D%3D&xkcb=SoB567M3t_-iiQT48J0NbzkdCdPP&fccid=a081694225ec6b2a&vjs=3
1f02e2dc13fdeb98,Business Analyst:in 80 - 100%,Abraxas Informatik AG,"Zürich Airport, ZH",,https://ch.indeed.com/rc/clk?jk=1f02e2dc13fdeb98&bb=EU-bRW2ENhHWUdTFVLcjvh4sJVDMyYtWXJG7B00h3y-Vj8cbkJBWV8F0txY_vRpNpk48Hi8QCXliIvBV--ocStYnDmhvSFCzOa1RRAXFV175U8SSUjwnHDbg_Yc_oYXQmpE_H3u_boJP97gVIHtgdQ%3D%3D&xkcb=SoDN67M3t_-iiQT48J0MbzkdCdPP&fccid=dc7d6b7c0d2ad628&vjs=3
75ea610d206bf851,Business & Technology Analyst / Consultant (Entry Level),Eraneos Switzerland AG,"Zürich, ZH",,https://ch.indeed.com/rc/clk?jk=75ea610d206bf851&bb=EU-bRW2ENhHWUdTFVLcjvtQuwSbBpNRNtn5WuzcAmboPcMIE2pWhROn7rgD1nNw-eoP4QcbWGfRDQBn7EiMGMcaNsuxIQIHkitDp1PIs6kWiVm23E_tIlJgwllp1mT9sSZCmlfeMRwo9_cPXVUj_FQ%3D%3D&xkcb=SoAk67M3t_-iiQT48J0DbzkdCdPP&fccid=c9684440a42d4f89&vjs=3
c9b4cf46ed153971,Economist/Business Analyst,Schweizerische Nationalbank,"8022 Zürich, ZH",,https://ch.indeed.com/rc/clk?jk=c9b4cf46ed153971&bb=EU-bRW2ENhHWUdTFVLcjvogTuYiita_0tqDoYD0rYi8jWoYJmdqIRZNrfGUz46EhHvGexcrj0ZpeqqgC_JAlan2HiXQ9xaKczB3Ea3qzE3GMnthz7wNm_kDEHe_hlPP4hLUsokc2i2aQbIFDdNmP4w%3D%3D&xkcb=SoCQ67M3t_-iiQT48J0CbzkdCdPP&fccid=4e26e151dc540e4a&vjs=3
5b56d8f51571c662,Assistant Manager Financial Services - AI Business Analyst,KPMG AG,"8036 Zürich, ZH",,https://ch.indeed.com/rc/clk?jk=5b56d8f51571c662&bb=EU-bRW2ENhHWUdTFVLcjvholjgHokcL-6g0TtON3fdL6mGVq8PvjHtsZv83PhZstyEegrK1wfX0id7F-kDDqIBjG3EWAj7WOuNPxJwL4NS3UFMroH32wxf1iQwCXq0Q-U6qxrT-O5M4jb-1vvK51mw%3D%3D&xkcb=SoAN67M3t_-iiQT48J0BbzkdCdPP&fccid=2dd390c3a48a7ed0&vjs=3
8aed3bfcc81b8a28,Business Analyst & Project Manager with the focus on AI Governance – Compliance Analytics & Transformation 100% (f/m/d),Julius Baer,"8048 Zürich, ZH",,https://ch.indeed.com/rc/clk?jk=8aed3bfcc81b8a28&bb=EU-bRW2ENhHWUdTFVLcjvousgo9YDoEAmhJ6UFX580VvIW2BuTD4NvKR_8Eh6lUSFLXUPCdEICrgqMdVS0gTBmJH7M3zmUoPJMLDDxow81cT79L8uDSbxN_L4eZMeQP4Jd0K3D9fNlq3Fj7r63tLHg%3D%3D&xkcb=SoC567M3t_-iiQT48J0AbzkdCdPP&fccid=4b4a74e3287b644a&vjs=3
d074a66c04964a58,2026 | EMEA | Zurich | Wealth Management | Summer Analyst,Goldman Sachs,"Zürich, ZH",,https://ch.indeed.com/rc/clk?jk=d074a66c04964a58&bb=EU-bRW2ENhHWUdTFVLcjvpqkj9eDXhzLF8oi6BgBjMBAGsCxOthqfTIviM8Y0rIxFPdS0GN9yI4QYiE7fMiMljNkFaQCeYs1Q9QpGfVP0C9czYfgmJLrTbtP1yU9QLSO9ja0i_xmF132bea4QBjonQ%3D%3D&xkcb=SoA367M3t_-iiQT48J0HbzkdCdPP&fccid=16a97ed26c75bf2d&vjs=3
b5bbe029a5b07f3c,Corporate Development Analyst,Mettler Toledo,"Nänikon, ZH",,https://ch.indeed.com/rc/clk?jk=b5bbe029a5b07f3c&bb=EU-bRW2ENhHWUdTFVLcjvon7_QBtZT4OX49Rz9yeXkyHzIVUAqhMlBChRz1RKVwKfBKrLvC46XCKIzJq_w0QYPM04eW0YeJhFgoPPiEMpNgQ8dxeItvM8B92bx7kCDmoTMI3uJDRA2WVl0FgRyVMsw%3D%3D&xkcb=SoCD67M3t_-iiQT48J0GbzkdCdPP&fccid=1df77876fbb6d721&vjs=3
c63525348d8d9572,Endur LNG Business Analyst,CAPCO,"Zürich, ZH",,https://ch.indeed.com/rc/clk?jk=c63525348d8d9572&bb=EU-bRW2ENhHWUdTFVLcjvoTtkdNRywH8Yuw0vRs-0gi1OlXO0DyDFNfJ9rZwH1wjJlff0Gce4WmoQC0mV1FVQCOYaQcus3G3w79WJmXnUAfpVQGV0_gwFV80DQHprCLYy1WwrY2_T_ArL1FoWA01YQ%3D%3D&xkcb=SoAe67M3t_-iiQT48J0FbzkdCdPP&fccid=c2a63affe8751868&vjs=3
